{
	 "rootnode": {
		 "name": "cone"
		,"transformation": [
			 0.01
			,0
			,0
			,0
			,0
			,0.01
			,0
			,0
			,0
			,0
			,0.01
			,0
			,0
			,0
			,0
			,1
		]
		,"children": [
			{
				 "name": "testCone"
				,"transformation": [
					 1
					,0
					,0
					,0
					,0
					,1
					,0
					,0
					,0
					,0
					,1
					,0
					,0
					,0
					,0
					,1
				]
				,"meshes": [
					 0
				]
			}
		]
	}
	,"flags": 8
	,"meshes": [
		{
			 "name": "testConeMesh"
			,"materialindex": 0
			,"primitivetypes": 4
			,"vertices": [
				 -1
				,2.03281
				,0
				,1
				,2.03281
				,-0
				,-0
				,2.03281
				,-1
				,0
				,2.03281
				,1
				,-0
				,2.03281
				,-1
				,1
				,2.03281
				,-0
				,0
				,0.032807
				,0
				,1
				,2.03281
				,-0
				,0
				,2.03281
				,1
				,0
				,0.032807
				,0
				,0
				,2.03281
				,1
				,-1
				,2.03281
				,0
				,0
				,0.032807
				,0
				,-1
				,2.03281
				,0
				,-0
				,2.03281
				,-1
				,0
				,0.032807
				,0
			]
			,"normals": [
				 0
				,1
				,0
				,0
				,1
				,0
				,0
				,1
				,0
				,0
				,1
				,0
				,0.666667
				,-0.333333
				,-0.666667
				,0.666667
				,-0.333333
				,-0.666667
				,0.666667
				,-0.333333
				,-0.666667
				,0.666667
				,-0.333333
				,0.666667
				,0.666667
				,-0.333333
				,0.666667
				,0.666667
				,-0.333333
				,0.666667
				,-0.666667
				,-0.333333
				,0.666667
				,-0.666667
				,-0.333333
				,0.666667
				,-0.666667
				,-0.333333
				,0.666667
				,-0.666667
				,-0.333333
				,-0.666667
				,-0.666667
				,-0.333333
				,-0.666667
				,-0.666667
				,-0.333333
				,-0.666667
			]
			,"tangents": [
				 -1
				,0
				,0
				,-1
				,0
				,0
				,-1
				,0
				,0
				,-1
				,0
				,0
				,0.707107
				,0
				,0.707107
				,0.707107
				,0
				,0.707107
				,0.707107
				,0
				,0.707107
				,-0.707107
				,0
				,0.707107
				,-0.707107
				,0
				,0.707107
				,-0.707107
				,0
				,0.707107
				,-0.707107
				,0
				,-0.707107
				,-0.707107
				,0
				,-0.707107
				,-0.707107
				,0
				,-0.707107
				,0.707107
				,0
				,-0.707107
				,0.707107
				,0
				,-0.707107
				,0.707107
				,0
				,-0.707107
			]
			,"bitangents": [
				 0
				,0
				,-1
				,0
				,0
				,-1
				,0
				,0
				,-1
				,0
				,0
				,-1
				,0.666666
				,0.666667
				,0.333334
				,0.666666
				,0.666667
				,0.333334
				,0.666666
				,0.666667
				,0.333334
				,-3.02102e-07
				,0.894427
				,0.447213
				,-3.02102e-07
				,0.894427
				,0.447213
				,-3.02102e-07
				,0.894427
				,0.447213
				,3.02102e-07
				,0.894427
				,0.447213
				,3.02102e-07
				,0.894427
				,0.447213
				,3.02102e-07
				,0.894427
				,0.447213
				,-0.666666
				,0.666667
				,0.333334
				,-0.666666
				,0.666667
				,0.333334
				,-0.666666
				,0.666667
				,0.333334
			]
			,"numuvcomponents": [
				 2
			]
			,"texturecoords": [
				[
					 0.75
					,0.25
					,0.25
					,0.25
					,0.5
					,0
					,0.5
					,0.5
					,0.25
					,0.5
					,0.375
					,0.5
					,0.5
					,1
					,0.375
					,0.5
					,0.5
					,0.5
					,0.5
					,1
					,0.5
					,0.5
					,0.625
					,0.5
					,0.5
					,1
					,0.625
					,0.5
					,0.75
					,0.5
					,0.5
					,1
				]
			]
			,"faces": [
				[
					 0
					,1
					,2
				]
				,[
					 1
					,0
					,3
				]
				,[
					 4
					,5
					,6
				]
				,[
					 7
					,8
					,9
				]
				,[
					 10
					,11
					,12
				]
				,[
					 13
					,14
					,15
				]
			]
		}
	]
	,"materials": [
		{
			 "properties": [
				{
					 "key": "?mat.name"
					,"semantic": 0
					,"index": 0
					,"type": 3
					,"value": "lambert1"
				}
				,{
					 "key": "$mat.shadingm"
					,"semantic": 0
					,"index": 0
					,"type": 4
					,"value": 2
				}
				,{
					 "key": "$mat.twosided"
					,"semantic": 0
					,"index": 0
					,"type": 4
					,"value": 0
				}
				,{
					 "key": "$mat.wireframe"
					,"semantic": 0
					,"index": 0
					,"type": 4
					,"value": 0
				}
				,{
					 "key": "$clr.ambient"
					,"semantic": 0
					,"index": 0
					,"type": 1
					,"value": [
						 0
						,0
						,0
						,1
					]
				}
				,{
					 "key": "$clr.diffuse"
					,"semantic": 0
					,"index": 0
					,"type": 1
					,"value": [
						 0.4
						,0.4
						,0.4
						,1
					]
				}
				,{
					 "key": "$clr.specular"
					,"semantic": 0
					,"index": 0
					,"type": 1
					,"value": [
						 0.4
						,0.4
						,0.4
						,1
					]
				}
				,{
					 "key": "$clr.emissive"
					,"semantic": 0
					,"index": 0
					,"type": 1
					,"value": [
						 0
						,0
						,0
						,1
					]
				}
				,{
					 "key": "$clr.transparent"
					,"semantic": 0
					,"index": 0
					,"type": 1
					,"value": [
						 0
						,0
						,0
						,1
					]
				}
				,{
					 "key": "$clr.reflective"
					,"semantic": 0
					,"index": 0
					,"type": 1
					,"value": [
						 0
						,0
						,0
						,0
					]
				}
				,{
					 "key": "$mat.shininess"
					,"semantic": 0
					,"index": 0
					,"type": 1
					,"value": 10
				}
				,{
					 "key": "$mat.reflectivity"
					,"semantic": 0
					,"index": 0
					,"type": 1
					,"value": 1
				}
				,{
					 "key": "$mat.refracti"
					,"semantic": 0
					,"index": 0
					,"type": 1
					,"value": 1
				}
			]
		}
	]
}
